{
  "tailwind.config.js": 1775806137.4767485,
  "playwright.config.js": 1774961674.9747043,
  "vite.config.js": 1775970841.510642,
  "vitest.config.js": 1775236252.1427014,
  "tests/unit/apiService.test.js": 1774961674.978228,
  "tests/e2e/task-detail-panel.spec.js": 1774961674.9768922,
  "public/sw.js": 1775895967.9159603,
  "hooks/useMediaQuery.js": 1764471566.2035096,
  "service/apiService.js": 1776001505.3474658,
  "src/main.jsx": 1775970631.9323626,
  "src/App.jsx": 1775970655.7781227,
  "src/contexts/AuthContext.jsx": 1776001519.1817286,
  "src/contexts/customHook.js": 1775140506.308077,
  "src/contexts/SidebarContext.jsx": 1775800823.0080647,
  "src/contexts/FilterContext.jsx": 1775800823.0079346,
  "src/utils/imageHelpers.js": 1775283836.431798,
  "src/utils/deferredInit.js": 1775970841.6909711,
  "src/components/Layout.jsx": 1775638457.1026468,
  "src/components/Board.jsx": 1775636143.232791,
  "src/components/ErrorBoundary.jsx": 1764471566.22393,
  "src/components/Skeleton.jsx": 1774961688.1872394,
  "src/components/ErrorStates.jsx": 1775238998.0403233,
  "src/components/Modal.jsx": 1775236805.7032232,
  "src/components/ProtectedRoute.jsx": 1775142622.049017,
  "src/components/GuestRoute.jsx": 1775142621.2661498,
  "src/components/ErrorFallback.jsx": 1775238965.9897797,
  "src/components/auth/Avatar.jsx": 1775736593.8578491,
  "src/components/auth/Forget.jsx": 1775970738.6275878,
  "src/components/auth/ConfirmEmail.jsx": 1775236523.6031072,
  "src/components/auth/Signup.jsx": 1775970759.1715636,
  "src/components/auth/EditProfileModal.jsx": 1775979386.3142185,
  "src/components/auth/Verify.jsx": 1775236540.2266235,
  "src/components/auth/Login.jsx": 1776006119.1543245,
  "src/components/auth/Me.jsx": 1776006119.241921,
  "src/components/auth/Logout.jsx": 1775970775.512034,
  "src/components/auth/Reset.jsx": 1775970855.4126866,
  "src/components/date/TimelineView.jsx": 1775643943.984528,
  "src/components/date/CustomDate.jsx": 1775233311.4324882,
  "src/components/date/CalendarView.jsx": 1775800626.7064428,
  "src/components/admin/AdminLayout.jsx": 1775723497.1376889,
  "src/components/admin/AdminRoute.jsx": 1775723441.5355422,
  "src/components/admin/AdminHeader.jsx": 1775806137.4324431,
  "src/components/admin/AdminRecentTasks.jsx": 1775724437.3974144,
  "src/components/admin/AdminProjectProgress.jsx": 1775637540.123818,
  "src/components/admin/AdminTeamMembers.jsx": 1775724075.599852,
  "src/components/admin/AdminCharts.jsx": 1775724437.3975766,
  "src/components/admin/AdminSidebar.jsx": 1775723723.895886,
  "src/components/admin/AdminActivityFeed.jsx": 1775724437.396124,
  "src/components/admin/StatsCards.jsx": 1775724075.5993478,
  "src/components/project/ProjectPage.jsx": 1776006104.383911,
  "src/components/project/ProjectAdminRoute.jsx": 1775802324.055586,
  "src/components/project/ProjectActivityPanel.jsx": 1775798892.4584634,
  "src/components/project/CalendarGrid.jsx": 1775737457.5286345,
  "src/components/project/BoardColumn.jsx": 1776006065.653782,
  "src/components/project/ProjectFilterBar.jsx": 1775799010.1318884,
  "src/components/project/ProjectTeamPanel.jsx": 1775798901.9046986,
  "src/components/project/TaskCard.jsx": 1776006319.2532785,
  "src/components/project/ProjectTimelinePanel.jsx": 1776006119.3462195,
  "src/components/project/CreateProjectModal.jsx": 1775236252.6270845,
  "src/components/project/ProjectMembers.jsx": 1775285470.995648,
  "src/components/project/ProjectCardSkeleton.jsx": 1764471566.2323494,
  "src/components/project/TimelineGrid.jsx": 1775737457.718595,
  "src/components/project/ListViewTable.jsx": 1775737457.5504344,
  "src/components/project/admin/ProjectAdminMembers.jsx": 1775981550.8976517,
  "src/components/project/admin/ProjectAdminSettings.jsx": 1775977614.2222204,
  "src/components/project/admin/ProjectAdminOverview.jsx": 1776000534.14694,
  "src/components/project/admin/ProjectAdminTasks.jsx": 1775725335.2367904,
  "src/components/common/Logo.jsx": 1775737457.453205,
  "src/components/common/ErrorBoundary.jsx": 1775476440.9523814,
  "src/components/common/OfflineBanner.jsx": 1775476440.9469295,
  "src/components/table/TableView.jsx": 1776006401.8156142,
  "src/components/kanban/Column.jsx": 1775637540.2000208,
  "src/components/kanban/TaskCard.jsx": 1776006094.9552922,
  "src/components/kanban/ColumnHeader.jsx": 1775237181.485626,
  "src/components/kanban/KanbanBoard.jsx": 1775978882.7934923,
  "src/components/task/TaskCardSkeleton.jsx": 1775232573.6753092,
  "src/components/task/CreateTaskModal.jsx": 1775979197.8277605,
  "src/components/task/MyTasks.jsx": 1775640729.8429027,
  "src/components/task/AddSubtask.jsx": 1775236252.8583472,
  "src/components/task/SubtaskView.jsx": 1775979602.7972782,
  "src/components/task/TaskDetailPanel.jsx": 1775981104.231274,
  "src/components/task/EditTaskModal.jsx": 1775979178.185187,
  "src/components/landing-page/Icons.jsx": 1764471566.2311122,
  "src/components/landing-page/FeaturesSection.jsx": 1775236252.5119305,
  "src/components/landing-page/landingPageComponent.js": 1774961688.5719438,
  "src/components/sprint/CreateSprintDialog.jsx": 1775979366.890021,
  "src/components/sprint/CompleteSprintDialog.jsx": 1775236252.794678,
  "src/components/sprint/SprintView.jsx": 1775238026.5871751,
  "src/components/sprint/SprintBoard.jsx": 1776006416.7194643,
  "src/components/sprint/BacklogView.jsx": 1775376336.1234872,
  "src/layouts/Header.jsx": 1776000761.0671163,
  "src/layouts/Layout.jsx": 1775140558.565203,
  "src/layouts/AppLayout.jsx": 1775970661.972978,
  "src/layouts/Sidebar.jsx": 1775801839.6399744,
  "src/theme/ThemeToggle.jsx": 1775236252.3903794,
  "src/theme/ThemeContext.jsx": 1775917799.1172037,
  "src/hooks/useDebounce.js": 1775476132.5103188,
  "src/hooks/useAbortController.js": 1775476473.5798242,
  "src/hooks/useFetchData.js": 1775476506.2131534,
  "src/hooks/useSprint.js": 1775238132.213678,
  "src/hooks/useMutation.js": 1775800551.3698807,
  "src/hooks/useMediaQuery.js": 1775476241.1660788,
  "src/hooks/useOnlineStatus.js": 1775476440.952604,
  "src/pages/AdminDashboard.jsx": 1775637540.535986,
  "src/pages/PlaceholderView.jsx": 1775140827.0217953,
  "src/pages/Settings.jsx": 1775806137.4755542,
  "src/pages/Overview.jsx": 1775800859.5640068,
  "src/pages/Home.jsx": 1775999995.0984664,
  "src/pages/ProjectAdminPage.jsx": 1775981084.3002787,
  "src/pages/admin/AdminProjectsPage.jsx": 1775737643.5427272,
  "src/pages/admin/AdminAnalyticsPage.jsx": 1775737611.1128707,
  "src/pages/admin/AdminTeamPage.jsx": 1775737643.301241,
  "src/pages/admin/AdminTasksPage.jsx": 1775737642.9471564,
  "README.md": 1764471566.2030377,
  "public/robots.txt": 1775283615.0674455,
  "test-results/task-detail-panel-Task-Det-1f5ed-nline-editing-saves-on-blur-chromium/error-context.md": 1774699281.945677,
  "test-results/task-detail-panel-Task-Det-6978a-se-5-TDP-04-Can-add-comment-chromium/error-context.md": 1774699281.9909995,
  "test-results/task-detail-panel-Task-Det-be87b-dd-complete-delete-subtasks-chromium/error-context.md": 1774699281.899291,
  "test-results/task-detail-panel-Task-Det-7c44a-rom-right-when-task-clicked-chromium/error-context.md": 1774699281.9487865,
  "public/vite.svg": 1764471566.2223313,
  "public/taskly_logo.png": 1764471566.2220519,
  "public/logo-light.png": 1775806137.4168139,
  "src/components/assets/react.svg": 1764471566.2264295
}